{"cameraMode":{"drawMode":0,"name":"Shaded","section":"Shading Mode"},"sceneLighting":false,"audioPlay":false,"sceneViewState":{"showFog":true,"showMaterialUpdate":true,"showSkybox":true,"showFlares":true,"showImageEffects":true,"showParticleSystems":true},"in2DMode":false,"pivot":{"x":0.7128313779830933,"y":2.7579736709594728,"z":2.175790309906006},"rotation":{"x":-0.003574132453650236,"y":0.9941072463989258,"z":-0.10266611725091934,"w":-0.03460794314742088},"size":4.941658973693848,"orthographic":false}