{"cameraMode":{"drawMode":0,"name":"Shaded","section":"Shading Mode"},"sceneLighting":false,"audioPlay":false,"sceneViewState":{"showFog":true,"showMaterialUpdate":true,"showSkybox":true,"showFlares":true,"showImageEffects":true,"showParticleSystems":true},"in2DMode":false,"pivot":{"x":0.5,"y":2.700000047683716,"z":2.2200000286102297},"rotation":{"x":-0.008014289662241936,"y":0.9913694262504578,"z":-0.10839881002902985,"w":-0.0732952132821083},"size":8.058903694152832,"orthographic":false}